video,frames
video_validation_0000746,7138
video_validation_0000083,979
video_validation_0000020,11372
video_validation_0000608,6850
video_validation_0000237,602
video_validation_0000599,6644
video_validation_0000891,1095
video_validation_0000289,3942
video_validation_0000731,4999
video_validation_0000130,2641
video_validation_0000890,3524
video_validation_0000433,1805
video_validation_0000967,4221
video_validation_0000766,1168
video_validation_0000153,5140
video_validation_0000693,6795
video_validation_0000327,2582
video_validation_0000400,5967
video_validation_0000990,3674
video_validation_0000831,5041
video_validation_0000313,3948
video_validation_0000187,1798
video_validation_0000343,29973
video_validation_0000653,9811
video_validation_0000793,18343
video_validation_0000768,1718
video_validation_0000830,6408
video_validation_0000036,8204
video_validation_0000512,15621
video_validation_0000934,2291
video_validation_0000881,3966
video_validation_0000578,8844
video_validation_0000271,567
video_validation_0000277,3751
video_validation_0000745,2073
video_validation_0000655,19100
video_validation_0000660,96324
video_validation_0000618,6648
video_validation_0000016,3361
video_validation_0000880,7108
video_validation_0000215,5282
video_validation_0000493,580
video_validation_0000971,4352
video_validation_0000906,12410
video_validation_0000714,7054
video_validation_0000801,4667
video_validation_0000919,1037
video_validation_0000205,16098
video_validation_0000487,9217
video_validation_0000917,2964
video_validation_0000583,692
video_validation_0000671,4619
video_validation_0000751,1959
video_validation_0000826,6578
video_validation_0000898,646
video_validation_0000453,12652
video_validation_0000874,1524
video_validation_0000925,2431
video_validation_0000736,3801
video_validation_0000084,3976
video_validation_0000495,4624
video_validation_0000806,4165
video_validation_0000771,5708
video_validation_0000634,3630
video_validation_0000750,393
video_validation_0000993,2424
video_validation_0000591,3336
video_validation_0000922,7056
video_validation_0000941,6939
video_validation_0000733,7097
video_validation_0000226,2350
video_validation_0000909,5907
video_validation_0000470,25925
video_validation_0000565,105245
video_validation_0000273,1422
video_validation_0000710,12883
video_validation_0000544,3170
video_validation_0000505,26170
video_validation_0000518,7901
video_validation_0000929,4665
video_validation_0000276,462
video_validation_0000511,4953
video_validation_0000694,2641
video_validation_0000482,2654
video_validation_0000585,10528
video_validation_0000989,1111
video_validation_0000691,6362
video_validation_0000779,5127
video_validation_0000893,2492
video_validation_0001000,526
video_validation_0000443,6112
video_validation_0000991,3209
video_validation_0000612,34574
video_validation_0000564,8802
video_validation_0000150,13043
video_validation_0000211,4461
video_validation_0000757,3704
video_validation_0000720,10817
video_validation_0000469,26612
video_validation_0000525,984
video_validation_0000936,1273
video_validation_0000955,6279
video_validation_0000896,630
video_validation_0000189,3326
video_validation_0000931,2778
video_validation_0000959,6172
video_validation_0001010,2166
video_validation_0000952,5247
video_validation_0000116,5228
video_validation_0000422,5367
video_validation_0000042,5499
video_validation_0000903,16411
video_validation_0000295,3838
video_validation_0000678,3512
video_validation_0000595,10260
video_validation_0000448,12820
video_validation_0000652,6958
video_validation_0000148,2703
video_validation_0000064,5181
video_validation_0000474,11341
video_validation_0000602,4830
video_validation_0000837,3688
video_validation_0000081,6105
video_validation_0000774,5641
video_validation_0000370,22634
video_validation_0000998,3888
video_validation_0000308,5814
video_validation_0000773,4899
video_validation_0000799,5890
video_validation_0000069,7052
video_validation_0000753,2701
video_validation_0000674,1714
video_validation_0000620,8562
video_validation_0000514,5695
video_validation_0000927,5532
video_validation_0000855,4618
video_validation_0000802,5098
video_validation_0000157,1509
video_validation_0000266,5144
video_validation_0000218,4090
video_validation_0000129,4519
video_validation_0000306,5742
video_validation_0000797,4844
video_validation_0000410,2859
video_validation_0000557,1845
video_validation_0000121,5076
video_validation_0000376,10125
video_validation_0000760,3342
video_validation_0000159,13358
video_validation_0000061,4198
video_validation_0000496,2565
video_validation_0000756,3601
video_validation_0000249,3835
video_validation_0000715,3892
video_validation_0000899,725
video_validation_0000784,2663
video_validation_0000732,4051
video_validation_0000075,1907
video_validation_0000562,7021
video_validation_0000224,4664
video_validation_0000995,3309
video_validation_0000439,4918
video_validation_0000535,4521
video_validation_0000980,3717
video_validation_0000015,8667
video_validation_0000292,2173
video_validation_0000651,16090
video_validation_0000405,13160
video_validation_0000814,4592
video_validation_0000085,4208
video_validation_0000521,566
video_validation_0000604,3566
video_validation_0000513,1059
video_validation_0000819,575
video_validation_0000945,5714
video_validation_0000778,2914
video_validation_0000735,2575
video_validation_0000297,2636
video_validation_0000135,4464
video_validation_0000378,6053
video_validation_0000115,4507
video_validation_0000625,3614
video_validation_0000963,4235
video_validation_0000782,3613
video_validation_0000110,6486
video_validation_0000758,1094
video_validation_0000217,6258
video_validation_0000472,15186
video_validation_0000059,6864
video_validation_0001005,2432
video_validation_0000800,1776
video_validation_0000041,6321
video_validation_0000823,5356
video_validation_0000978,3807
video_validation_0000407,5544
video_validation_0000943,3252
video_validation_0000025,5709
video_validation_0000387,4366
video_validation_0000132,5456
video_validation_0000538,18675
video_validation_0000948,901
video_validation_0000142,2216
video_validation_0000842,5354
video_validation_0000321,1630
video_validation_0000491,6192
video_validation_0000334,6496
video_validation_0000547,2509
video_validation_0000832,3024
video_validation_0000122,3294
video_validation_0000686,922
video_validation_0000957,5295
video_validation_0000379,9510
video_validation_0000687,979
video_validation_0000007,11202
video_validation_0000509,12844
video_validation_0000156,7122
video_validation_0000302,2836
video_validation_0000865,2011
video_validation_0000821,4285
video_validation_0000759,3830
video_validation_0000046,4604
video_validation_0000741,3018
video_validation_0000517,3135
video_validation_0000401,8790
video_validation_0000711,4350
video_validation_0000570,4178
video_validation_0000406,13302
video_validation_0000588,8505
video_validation_0000423,6950
video_validation_0000411,19439
video_validation_0000860,936
video_validation_0000173,6299
video_validation_0000212,6435
video_validation_0000502,52413
video_validation_0000117,3541
video_validation_0000026,1561
video_validation_0000155,2263
video_validation_0000404,10260
video_validation_0000013,9166
video_validation_0000845,5994
video_validation_0000859,1888
video_validation_0000581,2573
video_validation_0000034,18852
video_validation_0000080,2328
video_validation_0001009,1146
video_validation_0000534,7511
video_validation_0000596,6148
video_validation_0000128,2690
video_validation_0000679,1563
video_validation_0000176,4120
video_validation_0000098,2040
video_validation_0000311,17475
video_validation_0000359,8817
video_validation_0000341,59004
video_validation_0000785,4209
video_validation_0000028,3259
video_validation_0000869,2419
video_validation_0000622,4717
video_validation_0000825,1821
video_validation_0000729,4148
video_validation_0000567,4434
video_validation_0000298,5199
video_validation_0000498,4814
video_validation_0000458,9674
video_validation_0000264,8510
video_validation_0000381,5655
video_validation_0000648,12745
video_validation_0000712,14502
video_validation_0000537,6360
video_validation_0000451,9049
video_validation_0000933,5237
video_validation_0000843,3779
video_validation_0000847,4349
video_validation_0000326,1796
video_validation_0000677,3242
video_validation_0000024,966
video_validation_0000178,3441
video_validation_0000086,5197
video_validation_0000168,4106
video_validation_0000210,4184
video_validation_0000624,2400
video_validation_0000530,463
video_validation_0000234,721
video_validation_0000531,12855
video_validation_0000300,5179
video_validation_0000328,1277
video_validation_0000871,1882
video_validation_0000030,7665
video_validation_0000901,3640
video_validation_0000684,2053
video_validation_0000455,7349
video_validation_0000717,2075
video_validation_0000804,4282
video_validation_0000101,5126
video_validation_0000440,1228
video_validation_0000259,3110
video_validation_0000488,3381
video_validation_0000958,5344
video_validation_0000844,4785
video_validation_0000320,15717
video_validation_0000783,5910
video_validation_0000192,4670
video_validation_0000704,8542
video_validation_0000501,29482
video_validation_0000851,930
video_validation_0000580,3895
video_validation_0000022,2674
video_validation_0000572,3794
video_validation_0000243,3345
video_validation_0000396,5440
video_validation_0000048,7131
video_validation_0000665,15724
video_validation_0000767,759
video_validation_0000748,435
video_validation_0000863,1198
video_validation_0000291,3001
video_validation_0000353,1834
video_validation_0000486,5748
video_validation_0000309,8845
video_validation_0000545,56611
video_validation_0000637,1968
video_validation_0000006,7144
video_validation_0000238,391
video_validation_0000707,11227
video_validation_0000395,15557
video_validation_0000230,6604
video_validation_0000257,2253
video_validation_0000915,5818
video_validation_0000181,4466
video_validation_0000303,1314
video_validation_0000937,1737
video_validation_0000352,325
video_validation_0000561,8952
video_validation_0000940,1076
video_validation_0000137,5961
video_validation_0000347,23264
video_validation_0000809,1810
video_validation_0000708,10592
video_validation_0000477,7377
video_validation_0000374,3520
video_validation_0000246,16218
video_validation_0000363,22376
video_validation_0000829,6158
video_validation_0000848,6113
video_validation_0000631,14526
video_validation_0000861,1368
video_validation_0000670,4094
video_validation_0000412,11510
video_validation_0000621,7008
video_validation_0000872,2174
video_validation_0000480,23623
video_validation_0001006,3796
video_validation_0000278,4878
video_validation_0000737,1486
video_validation_0000983,4086
video_validation_0000283,1850
video_validation_0000179,5570
video_validation_0000262,976
video_validation_0001003,5086
video_validation_0000475,22388
video_validation_0000932,3390
video_validation_0000696,6811
video_validation_0000610,6669
video_validation_0000053,5916
video_validation_0000307,1858
video_validation_0000161,1852
video_validation_0000702,5864
video_validation_0000719,5872
video_validation_0000227,3189
video_validation_0000649,7255
video_validation_0000105,6173
video_validation_0000954,6477
video_validation_0000239,4136
video_validation_0000541,2010
video_validation_0000577,4435
video_validation_0000700,1730
video_validation_0000500,5370
video_validation_0000549,2526
video_validation_0000436,2317
video_validation_0000441,19064
video_validation_0000348,36870
video_validation_0000920,5238
video_validation_0000616,3185
video_validation_0000623,3940
video_validation_0000615,7858
video_validation_0000550,2238
video_validation_0000762,3046
video_validation_0000390,7774
video_validation_0000923,2830
video_validation_0000833,3553
video_validation_0000177,4548
video_validation_0000786,3217
video_validation_0000556,2951
video_validation_0000900,534
video_validation_0000884,3213
video_validation_0000123,374
video_validation_0000194,5729
video_validation_0000692,3929
video_validation_0000158,9197
video_validation_0000001,7845
video_validation_0000269,656
video_validation_0000765,2662
video_validation_0000231,1187
video_validation_0000037,6453
video_validation_0000427,11255
video_validation_0000170,6476
video_validation_0000027,663
video_validation_0000435,2595
video_validation_0000223,3355
video_validation_0000960,2296
video_validation_0000769,4498
video_validation_0000254,4760
video_validation_0000076,2544
video_validation_0000646,6532
video_validation_0000484,23718
video_validation_0000642,3860
video_validation_0000697,4960
video_validation_0000926,5027
video_validation_0000523,354
video_validation_0000261,698
video_validation_0000175,2394
video_validation_0000875,3790
video_validation_0000354,7663
video_validation_0000462,3107
video_validation_0000014,1884
video_validation_0000272,555
video_validation_0000047,5008
video_validation_0000232,661
video_validation_0000358,1338
video_validation_0000862,1833
video_validation_0000913,879
video_validation_0000723,5725
video_validation_0000092,4431
video_validation_0000386,5251
video_validation_0000641,1714
video_validation_0000136,3837
video_validation_0000099,5454
video_validation_0000907,1040
video_validation_0000928,3408
video_validation_0000546,1623
video_validation_0000975,1969
video_validation_0000233,3532
video_validation_0000682,5074
video_validation_0000701,16209
video_validation_0000267,11450
video_validation_0000605,15919
video_validation_0000593,18469
video_validation_0000247,4129
video_validation_0000058,3958
video_validation_0000240,5485
video_validation_0000339,336
video_validation_0000382,2882
video_validation_0000977,2239
video_validation_0000380,6734
video_validation_0000598,2392
video_validation_0000942,2390
video_validation_0000627,5664
video_validation_0000629,1538
video_validation_0000275,733
video_validation_0000988,3728
video_validation_0000867,1969
video_validation_0000635,24311
video_validation_0000568,13936
video_validation_0000964,7988
video_validation_0000346,25706
video_validation_0000888,5367
video_validation_0000680,1380
video_validation_0000392,6065
video_validation_0000094,465
video_validation_0000060,5611
video_validation_0000515,3661
video_validation_0000601,6236
video_validation_0000478,38713
video_validation_0000853,2131
video_validation_0000856,2491
video_validation_0000457,8211
video_validation_0000662,2941
video_validation_0000342,11142
video_validation_0000611,4550
video_validation_0000449,13356
video_validation_0000594,1874
video_validation_0000331,4392
video_validation_0001007,1027
video_validation_0000062,8977
video_validation_0000667,9970
video_validation_0000716,3284
video_validation_0000004,7900
video_validation_0001001,1191
video_validation_0000065,5406
video_validation_0000316,6051
video_validation_0000040,4700
video_validation_0000188,5112
video_validation_0000965,1623
video_validation_0000450,7870
video_validation_0000490,10322
video_validation_0000526,3044
video_validation_0000552,1670
video_validation_0000603,7641
video_validation_0000836,5540
video_validation_0000787,1184
video_validation_0000068,5037
video_validation_0000208,4478
video_validation_0000162,5941
video_validation_0000344,43541
video_validation_0000790,3034
video_validation_0000091,3478
video_validation_0000573,3162
video_validation_0000214,3734
video_validation_0000685,3876
video_validation_0000628,5992
video_validation_0000633,3459
video_validation_0000706,12099
video_validation_0000368,8575
video_validation_0000154,1573
video_validation_0000689,610
video_validation_0000755,4063
video_validation_0000724,3975
video_validation_0000066,14919
video_validation_0000286,6562
video_validation_0000461,10154
video_validation_0000011,8054
video_validation_0000504,9440
video_validation_0000087,1756
video_validation_0000204,8832
video_validation_0000878,2882
video_validation_0000553,4695
video_validation_0000377,6367
video_validation_0000108,6228
video_validation_0000050,24444
video_validation_0000044,7735
video_validation_0000794,1802
video_validation_0000582,2740
video_validation_0000966,4420
video_validation_0000626,7858
video_validation_0000118,6264
video_validation_0000827,2470
video_validation_0000969,11293
video_validation_0000839,4384
video_validation_0000912,3588
video_validation_0000063,4568
video_validation_0000850,2033
video_validation_0000419,22625
video_validation_0000430,27452
video_validation_0000630,6040
video_validation_0000012,5509
video_validation_0000351,5728
video_validation_0000846,2156
video_validation_0000432,3166
video_validation_0000141,6975
video_validation_0000031,26563
video_validation_0000244,5632
video_validation_0000367,4051
video_validation_0000592,4307
video_validation_0000835,3533
video_validation_0000444,7309
video_validation_0000408,12706
video_validation_0000479,7691
video_validation_0000418,7394
video_validation_0000274,2786
video_validation_0000734,5678
video_validation_0000754,3375
video_validation_0000279,3659
video_validation_0000744,2489
video_validation_0000293,1720
video_validation_0000944,5726
video_validation_0000713,3957
video_validation_0000250,475
video_validation_0000097,3612
video_validation_0000222,4121
video_validation_0000463,12553
video_validation_0000424,11139
video_validation_0000776,2806
video_validation_0000228,3262
video_validation_0000569,12735
video_validation_0000112,7161
video_validation_0000597,7096
video_validation_0000009,4021
video_validation_0000976,1608
video_validation_0000743,4592
video_validation_0000950,604
video_validation_0000772,4458
video_validation_0000536,14387
video_validation_0000019,13938
video_validation_0000973,1032
video_validation_0000263,1422
video_validation_0000643,9093
video_validation_0000607,9868
video_validation_0000349,53545
video_validation_0000883,5275
video_validation_0000345,8109
video_validation_0000673,3985
video_validation_0000916,2688
video_validation_0000703,1376
video_validation_0000519,20553
video_validation_0000529,4915
video_validation_0000718,2751
video_validation_0000813,4647
video_validation_0000096,2720
video_validation_0000574,4991
video_validation_0000614,3264
video_validation_0000095,5550
video_validation_0000939,4670
video_validation_0000003,11510
video_validation_0000854,505
video_validation_0000102,4582
video_validation_0000464,6666
video_validation_0000185,1817
video_validation_0000242,1849
video_validation_0000124,6137
video_validation_0000258,3153
video_validation_0000198,4528
video_validation_0000520,7804
video_validation_0000160,12238
video_validation_0000402,13244
video_validation_0000165,3191
video_validation_0000216,4986
video_validation_0000109,4825
video_validation_0000074,718
video_validation_0000905,5071
video_validation_0000658,19036
video_validation_0000494,6237
video_validation_0000817,2754
video_validation_0000070,4331
video_validation_0000910,5764
video_validation_0000668,11126
video_validation_0000438,2506
video_validation_0000725,2515
video_validation_0000666,35234
video_validation_0000681,1950
video_validation_0000103,2857
video_validation_0000650,4809
video_validation_0000885,5314
video_validation_0000446,4699
video_validation_0000911,2140
video_validation_0000428,2215
video_validation_0000373,29181
video_validation_0000207,5506
video_validation_0000777,7163
video_validation_0000669,6962
video_validation_0000113,3950
video_validation_0000235,3379
video_validation_0000077,1839
video_validation_0000709,10898
video_validation_0000672,1863
video_validation_0000356,2444
video_validation_0000417,10702
video_validation_0000656,6252
video_validation_0000196,4049
video_validation_0000902,17778
video_validation_0000705,12441
video_validation_0000485,8246
video_validation_0000764,1148
video_validation_0000460,26299
video_validation_0000337,2729
video_validation_0000174,4586
video_validation_0000288,3356
video_validation_0000497,4271
video_validation_0000972,3902
video_validation_0000002,7518
video_validation_0000699,785
video_validation_0000093,619
video_validation_0000299,3717
video_validation_0000362,14896
video_validation_0000789,5488
video_validation_0000816,3209
video_validation_0001008,495
video_validation_0000193,6428
video_validation_0000248,5238
video_validation_0000887,5715
video_validation_0000203,5685
video_validation_0000372,19625
video_validation_0000131,4505
video_validation_0000397,8687
video_validation_0000057,6831
video_validation_0000841,6398
video_validation_0000483,3603
video_validation_0000579,3467
video_validation_0000792,7554
video_validation_0000416,16236
video_validation_0000877,2352
video_validation_0000029,12836
video_validation_0000522,9065
video_validation_0000866,1879
video_validation_0000586,7723
video_validation_0000808,7141
video_validation_0000921,6204
video_validation_0000164,5201
video_validation_0000904,6857
video_validation_0000452,6731
video_validation_0000282,1152
video_validation_0000938,1040
video_validation_0000182,3038
video_validation_0000054,4050
video_validation_0000333,11327
video_validation_0000389,2443
video_validation_0000394,9549
video_validation_0000072,767
video_validation_0000035,5249
video_validation_0000147,1804
video_validation_0000088,8178
video_validation_0000956,2416
video_validation_0000225,1240
video_validation_0000807,5635
video_validation_0000539,10416
video_validation_0000781,3821
video_validation_0000979,1687
video_validation_0000516,6655
video_validation_0000043,10860
video_validation_0000032,6351
video_validation_0000889,5355
video_validation_0000984,1390
video_validation_0000290,2001
video_validation_0000510,68777
video_validation_0000527,5986
video_validation_0000506,80663
video_validation_0000849,5442
video_validation_0000251,3577
video_validation_0000413,17949
video_validation_0001004,8860
video_validation_0000949,606
video_validation_0000414,9084
video_validation_0000365,8070
video_validation_0000126,2840
video_validation_0000924,4283
video_validation_0000914,4133
video_validation_0000895,2142
video_validation_0000323,1303
video_validation_0000815,3097
video_validation_0000280,5024
video_validation_0000930,7132
video_validation_0000466,11944
video_validation_0000172,3111
video_validation_0000722,4355
video_validation_0000996,11888
video_validation_0000454,5763
video_validation_0000420,22028
video_validation_0000190,265
video_validation_0000319,8906
video_validation_0000571,7120
video_validation_0000619,5979
video_validation_0000721,6969
video_validation_0000304,3278
video_validation_0000213,6226
video_validation_0000399,5953
video_validation_0000481,13081
video_validation_0000017,14207
video_validation_0000473,56871
video_validation_0000312,2383
video_validation_0000409,6705
video_validation_0000644,1121
video_validation_0000221,6680
video_validation_0000456,24619
video_validation_0000727,5247
video_validation_0000052,4991
video_validation_0000100,2372
video_validation_0000089,3817
video_validation_0000795,3626
video_validation_0000191,4716
video_validation_0000039,10053
video_validation_0000858,3335
video_validation_0000078,631
video_validation_0000688,3960
video_validation_0000676,1556
video_validation_0000985,5592
video_validation_0000447,4124
video_validation_0000163,7016
video_validation_0000138,5176
video_validation_0000540,6382
video_validation_0000548,6226
video_validation_0000393,2057
video_validation_0000361,20891
video_validation_0000962,1559
video_validation_0000465,5616
video_validation_0000051,5091
video_validation_0000997,782
video_validation_0000554,1954
video_validation_0000640,16450
video_validation_0000375,12614
video_validation_0000798,4861
video_validation_0000186,2714
video_validation_0000255,5936
video_validation_0000114,1734
video_validation_0000584,4325
video_validation_0000953,2938
video_validation_0000366,962
video_validation_0000986,603
video_validation_0000508,2996
video_validation_0000999,2711
video_validation_0000492,6812
video_validation_0000281,6833
video_validation_0000951,3705
video_validation_0000133,2146
video_validation_0000690,8407
video_validation_0000695,6770
video_validation_0000987,3086
video_validation_0000111,8612
video_validation_0000144,13511
video_validation_0000838,6993
video_validation_0000005,4527
video_validation_0000471,10652
video_validation_0000301,128
video_validation_0000820,4350
video_validation_0000882,5817
video_validation_0000265,1545
video_validation_0000752,2896
video_validation_0000073,7618
video_validation_0000739,1888
video_validation_0000532,2719
video_validation_0000329,1626
video_validation_0000981,3928
video_validation_0000822,5748
video_validation_0000805,5362
video_validation_0000385,2796
video_validation_0000982,640
video_validation_0000357,1096
video_validation_0000442,14337
video_validation_0000659,7742
video_validation_0000698,4501
video_validation_0000355,5393
video_validation_0000775,5193
video_validation_0000600,7568
video_validation_0000489,6057
video_validation_0000543,2721
video_validation_0000384,6999
video_validation_0000908,7908
video_validation_0000139,6411
video_validation_0000336,18047
video_validation_0000555,2036
video_validation_0000152,4972
video_validation_0000315,4791
video_validation_0000350,15415
video_validation_0000294,3810
video_validation_0000209,17264
video_validation_0000201,1323
video_validation_0000318,5602
video_validation_0000338,6764
video_validation_0000322,1081
video_validation_0000873,11592
video_validation_0000617,20906
video_validation_0000145,404
video_validation_0000119,3888
video_validation_0000834,3402
video_validation_0000143,5733
video_validation_0000236,6888
video_validation_0000104,4121
video_validation_0000033,4042
video_validation_0000325,6177
video_validation_0000551,3250
video_validation_0000864,2126
video_validation_0000183,2446
video_validation_0000199,2152
video_validation_0000879,4746
video_validation_0000647,12175
video_validation_0000310,17938
video_validation_0000270,2028
video_validation_0000445,5078
video_validation_0000946,2799
video_validation_0000968,2871
video_validation_0000314,26926
video_validation_0000654,7742
video_validation_0000824,4341
video_validation_0000730,5655
video_validation_0000675,1428
video_validation_0000761,2521
video_validation_0000661,5049
video_validation_0000256,3865
video_validation_0000167,6325
video_validation_0000166,4359
video_validation_0000330,482
video_validation_0000197,1499
video_validation_0000870,1879
video_validation_0000742,3307
video_validation_0000010,5513
video_validation_0000636,16175
video_validation_0000840,3820
video_validation_0000049,3644
video_validation_0000476,20378
video_validation_0000459,4563
video_validation_0000364,3376
video_validation_0000810,4533
video_validation_0000106,6105
video_validation_0000507,8320
video_validation_0000876,5441
video_validation_0000287,3872
video_validation_0000606,15673
video_validation_0000082,8206
video_validation_0000935,2938
video_validation_0000429,3385
video_validation_0000499,7085
video_validation_0000253,4668
video_validation_0000947,2951
video_validation_0000391,17357
video_validation_0000994,2353
video_validation_0000533,4744
video_validation_0000780,2796
video_validation_0000503,2451
video_validation_0000284,2038
video_validation_0000528,6842
video_validation_0000828,4246
video_validation_0000241,2525
video_validation_0000169,5825
video_validation_0000125,3155
video_validation_0000425,129106
video_validation_0000285,3899
video_validation_0000415,8460
video_validation_0000268,9188
video_validation_0000857,1473
video_validation_0000023,6132
video_validation_0000560,9045
video_validation_0000398,3945
video_validation_0000803,6974
video_validation_0000683,1138
video_validation_0000992,3608
video_validation_0000632,27175
video_validation_0000229,4111
video_validation_0000575,6889
video_validation_0000918,2845
video_validation_0000566,13482
video_validation_0000220,2076
video_validation_0000202,5667
video_validation_0001002,2385
video_validation_0000107,10514
video_validation_0000021,5791
video_validation_0000317,6425
video_validation_0000749,657
video_validation_0000079,1288
video_validation_0000897,1593
video_validation_0000812,5220
video_validation_0000421,5288
video_validation_0000184,5053
video_validation_0000657,79770
video_validation_0000894,1851
video_validation_0000360,5515
video_validation_0000055,4883
video_validation_0000558,1407
video_validation_0000134,5017
video_validation_0000296,2937
video_validation_0000728,5958
video_validation_0000434,1303
video_validation_0000151,1004
video_validation_0000332,3972
video_validation_0000045,4070
video_validation_0000171,4566
video_validation_0000369,34438
video_validation_0000403,7989
video_validation_0000056,4129
video_validation_0000639,17854
video_validation_0000961,4122
video_validation_0000740,2206
video_validation_0000763,2635
video_validation_0000388,7423
video_validation_0000245,9805
video_validation_0000431,55202
video_validation_0000008,1725
video_validation_0000738,5978
video_validation_0000195,6074
video_validation_0000206,5372
video_validation_0000587,6331
video_validation_0000974,2052
video_validation_0000747,3040
video_validation_0000383,6431
video_validation_0000892,324
video_validation_0000180,6618
video_validation_0000140,7374
video_validation_0000791,4738
video_validation_0000090,7879
video_validation_0000426,34605
video_validation_0000726,7040
video_validation_0000071,898
video_validation_0000252,5759
video_validation_0000613,2514
video_validation_0000305,1377
video_validation_0000609,4025
video_validation_0000970,2020
video_validation_0000886,6674
video_validation_0000219,6706
video_validation_0000067,4800
video_validation_0000467,14954
video_validation_0000868,1953
video_validation_0000146,13432
video_validation_0000524,4473
video_validation_0000811,4067
video_validation_0000852,7067
video_validation_0000018,16223
video_validation_0000796,4395
video_validation_0000563,10425
video_validation_0000638,10843
video_validation_0000542,1519
video_validation_0000788,2023
video_validation_0000200,4418
video_validation_0000038,5501
video_validation_0000371,5200
video_validation_0000664,6567
video_validation_0000127,3374
video_validation_0000468,60687
video_validation_0000590,1767
video_validation_0000120,3517
video_validation_0000324,365
video_validation_0000770,3951
video_validation_0000335,5973
video_validation_0000663,6779
video_validation_0000149,5883
video_validation_0000340,4516
video_validation_0000818,4329
video_validation_0000559,5228
video_validation_0000645,11388
video_validation_0000576,11331
video_validation_0000437,710
video_validation_0000589,30525
video_validation_0000260,4003
video_test_0001546,5157
video_test_0000008,3634
video_test_0000519,4323
video_test_0000084,13583
video_test_0000393,1949
video_test_0000358,1759
video_test_0000504,2181
video_test_0000433,7285
video_test_0000644,4185
video_test_0000798,3261
video_test_0000073,2967
video_test_0001516,5404
video_test_0001191,5179
video_test_0001439,5434
video_test_0000406,5074
video_test_0001343,12483
video_test_0000514,5664
video_test_0000337,2255
video_test_0001176,3916
video_test_0000437,6133
video_test_0001043,4372
video_test_0001375,6178
video_test_0000380,5639
video_test_0000067,5461
video_test_0000478,2189
video_test_0000744,2142
video_test_0000760,5740
video_test_0000884,6215
video_test_0001168,3290
video_test_0001175,4103
video_test_0000090,5257
video_test_0000029,1600
video_test_0000624,3594
video_test_0000595,6540
video_test_0001059,4814
video_test_0001116,2979
video_test_0000495,481
video_test_0000946,834
video_test_0000756,1079
video_test_0001378,7086
video_test_0000789,1280
video_test_0001504,13951
video_test_0001364,4620
video_test_0000679,4339
video_test_0001047,937
video_test_0001353,5643
video_test_0001545,2719
video_test_0000957,1297
video_test_0000914,5354
video_test_0000783,3768
video_test_0000986,1904
video_test_0001530,4128
video_test_0000179,5056
video_test_0001541,7078
video_test_0000626,7656
video_test_0001162,3622
video_test_0000698,510
video_test_0000101,6201
video_test_0001340,3035
video_test_0000565,2097
video_test_0000551,2131
video_test_0001241,5680
video_test_0001281,2112
video_test_0001061,3268
video_test_0000668,2573
video_test_0000743,2297
video_test_0000323,900
video_test_0001097,7612
video_test_0000349,5634
video_test_0001533,2052
video_test_0001027,1046
video_test_0001208,5007
video_test_0001326,1790
video_test_0000172,4811
video_test_0000405,5515
video_test_0000656,5976
video_test_0000569,2643
video_test_0000536,181
video_test_0000958,2076
video_test_0000499,2643
video_test_0000132,2176
video_test_0001019,1589
video_test_0000100,3160
video_test_0000219,2378
video_test_0001017,7148
video_test_0000068,4781
video_test_0000134,4228
video_test_0001193,3001
video_test_0000818,19191
video_test_0000580,1504
video_test_0001387,2731
video_test_0001284,3179
video_test_0001068,6865
video_test_0000942,6551
video_test_0000844,5082
video_test_0001405,2460
video_test_0001366,6251
video_test_0000790,5709
video_test_0001450,6730
video_test_0001443,2907
video_test_0000282,2881
video_test_0001118,2110
video_test_0001400,24343
video_test_0000870,11665
video_test_0001457,2519
video_test_0000079,6918
video_test_0001551,3070
video_test_0001291,6957
video_test_0000658,19306
video_test_0001509,5052
video_test_0000400,4294
video_test_0000005,4146
video_test_0000881,4912
video_test_0001048,2343
video_test_0000503,2522
video_test_0000608,644
video_test_0001101,27171
video_test_0001306,3095
video_test_0001542,45485
video_test_0000928,6936
video_test_0000661,5144
video_test_0001432,3061
video_test_0001369,17283
video_test_0001035,7969
video_test_0001152,6665
video_test_0000371,6805
video_test_0000418,5836
video_test_0001452,2182
video_test_0001481,603
video_test_0000321,3828
video_test_0000718,1218
video_test_0000247,4436
video_test_0001466,6406
video_test_0001556,3094
video_test_0001054,1425
video_test_0000453,1883
video_test_0001311,1193
video_test_0001204,1608
video_test_0000136,3463
video_test_0001323,5211
video_test_0001411,8915
video_test_0000616,906
video_test_0000952,4551
video_test_0000953,7527
video_test_0000271,4899
video_test_0000020,5982
video_test_0000273,3856
video_test_0000430,19837
video_test_0000704,4292
video_test_0000655,6188
video_test_0000780,3722
video_test_0001202,1375
video_test_0001568,2435
video_test_0000318,5635
video_test_0001406,3225
video_test_0000732,638
video_test_0001233,7082
video_test_0000463,1825
video_test_0001570,1495
video_test_0001529,2395
video_test_0001194,3871
video_test_0000964,1898
video_test_0000264,6700
video_test_0001449,47344
video_test_0000761,3218
video_test_0000926,2792
video_test_0000492,1683
video_test_0000651,5132
video_test_0000350,3062
video_test_0000396,2225
video_test_0000002,8278
video_test_0000581,1171
video_test_0000512,5564
video_test_0001544,6646
video_test_0000830,3649
video_test_0001182,3581
video_test_0000392,3312
video_test_0000279,39866
video_test_0000876,23325
video_test_0001081,3514
video_test_0000521,2756
video_test_0001478,1488
video_test_0001279,2490
video_test_0000319,4164
video_test_0000110,6494
video_test_0001271,2663
video_test_0000298,4862
video_test_0000043,5524
video_test_0001383,6480
video_test_0000667,4665
video_test_0000636,5257
video_test_0000236,1431
video_test_0001361,21580
video_test_0000412,6221
video_test_0000026,6234
video_test_0001044,581
video_test_0000143,4698
video_test_0001228,2426
video_test_0001476,3049
video_test_0000170,6767
video_test_0001382,3755
video_test_0000262,7375
video_test_0000649,6857
video_test_0001498,2300
video_test_0000841,13710
video_test_0001321,6288
video_test_0000286,6679
video_test_0000709,6061
video_test_0000386,4052
video_test_0000487,13201
video_test_0001276,1868
video_test_0001517,2486
video_test_0001259,5492
video_test_0000585,5785
video_test_0000107,3606
video_test_0000758,5957
video_test_0000697,18002
video_test_0000490,6149
video_test_0000764,1537
video_test_0001215,5806
video_test_0000427,4122
video_test_0001320,2820
video_test_0000372,8819
video_test_0000300,2746
video_test_0000208,3704
video_test_0001356,1551
video_test_0000767,2317
video_test_0001421,5082
video_test_0000424,4198
video_test_0001514,3405
video_test_0001270,7945
video_test_0001146,6520
video_test_0001495,15843
video_test_0000633,4533
video_test_0000910,4028
video_test_0000637,1322
video_test_0000121,71242
video_test_0000457,8376
video_test_0001112,618
video_test_0001465,2325
video_test_0000769,802
video_test_0000646,5279
video_test_0000534,6658
video_test_0000695,3069
video_test_0000962,253
video_test_0001377,3414
video_test_0000149,4165
video_test_0001011,1350
video_test_0000799,2752
video_test_0001169,4172
video_test_0001211,1422
video_test_0000259,4742
video_test_0001250,3694
video_test_0000451,4935
video_test_0001407,4360
video_test_0001170,1332
video_test_0000688,1546
video_test_0000938,4339
video_test_0000770,459
video_test_0001023,6257
video_test_0000268,4486
video_test_0001255,31575
video_test_0000246,3590
video_test_0000237,1749
video_test_0000086,1711
video_test_0001355,3803
video_test_0001178,5794
video_test_0001033,3327
video_test_0001192,5389
video_test_0001386,1971
video_test_0001394,2963
video_test_0000735,6263
video_test_0000133,4024
video_test_0001506,20705
video_test_0001341,2146
video_test_0001485,5413
video_test_0001267,3780
video_test_0000359,2449
video_test_0000613,6903
video_test_0000947,6180
video_test_0000546,2391
video_test_0000666,1748
video_test_0000426,4591
video_test_0001232,995
video_test_0000859,9503
video_test_0000937,945
video_test_0000515,2909
video_test_0001180,3974
video_test_0000113,2584
video_test_0000370,4256
video_test_0000924,929
video_test_0000968,1347
video_test_0001334,5461
video_test_0000244,1726
video_test_0000231,2534
video_test_0000089,641
video_test_0000292,2279
video_test_0000674,6047
video_test_0000122,1839
video_test_0000155,5238
video_test_0000226,1880
video_test_0000621,2307
video_test_0000195,1594
video_test_0000377,1780
video_test_0000619,13261
video_test_0000843,4488
video_test_0000747,4078
video_test_0001319,1667
video_test_0000811,1503
video_test_0000254,6292
video_test_0001258,444
video_test_0000053,16709
video_test_0000955,11752
video_test_0000192,1309
video_test_0000186,2477
video_test_0000148,2603
video_test_0001391,9303
video_test_0000243,8195
video_test_0000265,3012
video_test_0000925,15246
video_test_0000320,3207
video_test_0000781,1890
video_test_0000702,2167
video_test_0001489,3739
video_test_0001520,16685
video_test_0000404,7085
video_test_0000982,5774
video_test_0000034,2294
video_test_0001109,3673
video_test_0000468,6095
video_test_0000880,2173
video_test_0000051,3480
video_test_0000576,3910
video_test_0001197,2760
video_test_0000862,2494
video_test_0000838,2291
video_test_0000256,2970
video_test_0000662,2016
video_test_0000063,4298
video_test_0001077,3284
video_test_0000502,1082
video_test_0001426,3256
video_test_0000378,1222
video_test_0000397,895
video_test_0000169,6428
video_test_0000276,1130
video_test_0001302,6488
video_test_0000564,2755
video_test_0000384,23549
video_test_0001565,13636
video_test_0001142,3444
video_test_0000965,4711
video_test_0001093,7132
video_test_0001301,14227
video_test_0001123,7705
video_test_0001554,2203
video_test_0000385,3247
video_test_0001453,7728
video_test_0000290,12368
video_test_0000757,6067
video_test_0000365,20449
video_test_0000325,1816
video_test_0001438,8012
video_test_0001483,1248
video_test_0000665,10344
video_test_0000577,4929
video_test_0001125,744
video_test_0001499,5639
video_test_0000054,10892
video_test_0001220,3577
video_test_0000213,4597
video_test_0001403,3340
video_test_0000442,4649
video_test_0000160,2030
video_test_0001571,3993
video_test_0000484,6511
video_test_0001189,9753
video_test_0000849,3276
video_test_0000399,13238
video_test_0001508,5596
video_test_0000454,2069
video_test_0001238,44210
video_test_0001277,5645
video_test_0001330,30119
video_test_0001145,2146
video_test_0001132,2440
video_test_0000828,3766
video_test_0001348,3482
video_test_0001346,949
video_test_0000837,636
video_test_0001548,4112
video_test_0000863,360
video_test_0001039,7041
video_test_0001527,6378
video_test_0000916,11872
video_test_0000730,3192
video_test_0001133,2247
video_test_0000137,12687
video_test_0000941,5120
video_test_0001127,5426
video_test_0001448,10339
video_test_0000047,3800
video_test_0001376,2294
video_test_0001515,4414
video_test_0001558,4282
video_test_0000643,2692
video_test_0000929,3052
video_test_0000012,2491
video_test_0000057,6226
video_test_0001293,7286
video_test_0001214,6542
video_test_0001339,4688
video_test_0000203,5549
video_test_0000374,3652
video_test_0000923,14022
video_test_0000762,3990
video_test_0000294,12672
video_test_0000112,14470
video_test_0000510,3746
video_test_0000682,5206
video_test_0001003,5889
video_test_0000954,10268
video_test_0000846,816
video_test_0000945,1953
video_test_0001106,3588
video_test_0001435,7880
video_test_0000414,10784
video_test_0001243,2740
video_test_0000165,7148
video_test_0000252,6632
video_test_0000472,12161
video_test_0000395,2635
video_test_0001496,4529
video_test_0000509,5702
video_test_0001134,5514
video_test_0001157,4233
video_test_0001287,6979
video_test_0000890,6637
video_test_0001425,6315
video_test_0001229,7207
video_test_0001352,750
video_test_0000749,1036
video_test_0000477,14611
video_test_0000746,1590
video_test_0001297,2497
video_test_0000040,3061
video_test_0001144,1846
video_test_0000776,5902
video_test_0000652,7906
video_test_0000826,2419
video_test_0000042,3197
video_test_0000782,2918
video_test_0000417,5551
video_test_0000159,1802
video_test_0000983,3100
video_test_0000693,3964
video_test_0000194,4446
video_test_0000422,4108
video_test_0001384,15832
video_test_0000963,2101
video_test_0000049,4728
video_test_0001055,5326
video_test_0001213,6370
video_test_0001251,3351
video_test_0000189,2211
video_test_0000729,3824
video_test_0000699,3487
video_test_0000119,6050
video_test_0000741,2022
video_test_0000470,2383
video_test_0000206,2347
video_test_0000474,1175
video_test_0000596,4717
video_test_0001073,17090
video_test_0000058,3424
video_test_0001143,5068
video_test_0000829,5731
video_test_0001235,25187
video_test_0001272,1372
video_test_0001237,14062
video_test_0000660,2044
video_test_0000812,6450
video_test_0000081,2344
video_test_0000972,12347
video_test_0001525,14288
video_test_0001174,7018
video_test_0000307,2959
video_test_0000597,4140
video_test_0001539,3160
video_test_0000147,6599
video_test_0000623,2502
video_test_0000705,5330
video_test_0000685,5148
video_test_0000657,4154
video_test_0000248,4666
video_test_0000328,1546
video_test_0000686,8635
video_test_0000868,3488
video_test_0000654,3968
video_test_0001099,5377
video_test_0001537,5859
video_test_0000031,1258
video_test_0001493,3231
video_test_0000001,2068
video_test_0001444,2320
video_test_0000939,3792
video_test_0000351,3119
video_test_0001222,4496
video_test_0001082,4862
video_test_0000858,1529
video_test_0001006,2917
video_test_0000443,8742
video_test_0000269,977
video_test_0001428,3975
video_test_0000888,17941
video_test_0000558,6028
video_test_0000508,1924
video_test_0000745,3000
video_test_0000778,17865
video_test_0000338,3899
video_test_0000525,2886
video_test_0000897,3603
video_test_0000893,2223
video_test_0000592,26714
video_test_0001412,6363
video_test_0000202,6117
video_test_0000544,1303
video_test_0001561,4310
video_test_0000822,4333
video_test_0000913,6526
video_test_0001503,6373
video_test_0000174,4303
video_test_0000951,4830
video_test_0000824,721
video_test_0000639,4857
video_test_0001266,6060
video_test_0001463,3198
video_test_0000944,3307
video_test_0000285,5787
video_test_0000204,6301
video_test_0001087,2131
video_test_0001280,2902
video_test_0000140,5716
video_test_0000046,5336
video_test_0000804,9295
video_test_0000860,3756
video_test_0000048,2883
video_test_0000766,5844
video_test_0000589,5783
video_test_0000497,19637
video_test_0000501,3446
video_test_0000980,12735
video_test_0000995,5689
video_test_0000630,3936
video_test_0000152,4060
video_test_0001393,936
video_test_0001559,26536
video_test_0001451,1132
video_test_0001535,17970
video_test_0001363,4594
video_test_0000106,3015
video_test_0001212,4423
video_test_0000932,6747
video_test_0000315,844
video_test_0000663,1293
video_test_0001494,6248
video_test_0000476,3263
video_test_0001552,2407
video_test_0000795,3306
video_test_0001497,1808
video_test_0000599,1472
video_test_0000326,879
video_test_0000671,3502
video_test_0000579,3825
video_test_0000460,1951
video_test_0001314,10344
video_test_0001008,2985
video_test_0000989,5805
video_test_0001480,1429
video_test_0001467,6643
video_test_0001049,1894
video_test_0001163,3023
video_test_0001322,3616
video_test_0001567,3524
video_test_0000723,6787
video_test_0000518,3440
video_test_0000865,6913
video_test_0001547,2071
video_test_0000814,5434
video_test_0000055,1963
video_test_0000779,2189
video_test_0001335,6533
video_test_0000376,3827
video_test_0001459,20369
video_test_0000611,5359
video_test_0000883,5659
video_test_0000314,846
video_test_0000039,6819
video_test_0001427,886
video_test_0001249,1986
video_test_0000566,7041
video_test_0000866,1108
video_test_0000456,4035
video_test_0000434,8920
video_test_0001397,903
video_test_0000940,2795
video_test_0000336,3794
video_test_0000874,6049
video_test_0000421,2212
video_test_0000628,15092
video_test_0001456,13300
video_test_0001177,1520
video_test_0000713,2610
video_test_0000987,5544
video_test_0000625,2298
video_test_0001563,2572
video_test_0001022,5250
video_test_0000308,7262
video_test_0000293,7004
video_test_0000556,2030
video_test_0000598,5213
video_test_0001572,3431
video_test_0000368,452
video_test_0000052,1923
video_test_0000823,449
video_test_0001445,12212
video_test_0000010,5592
video_test_0001310,827
video_test_0000065,4903
video_test_0001359,1459
video_test_0000959,22414
video_test_0001024,3804
video_test_0000333,3389
video_test_0001031,7131
video_test_0000684,2141
video_test_0000041,3280
video_test_0000554,7017
video_test_0000740,12341
video_test_0001431,10749
video_test_0000807,4778
video_test_0000573,5175
video_test_0000354,3668
video_test_0000612,4321
video_test_0001360,5262
video_test_0000901,6897
video_test_0000985,3137
video_test_0000971,3722
video_test_0000200,5571
video_test_0000839,11482
video_test_0000765,3514
video_test_0001569,1586
video_test_0000479,6525
video_test_0000312,5175
video_test_0001156,4510
video_test_0000145,20220
video_test_0001032,901
video_test_0000738,9777
video_test_0000979,769
video_test_0001336,1581
video_test_0000640,10844
video_test_0000774,5307
video_test_0001500,2286
video_test_0001126,6025
video_test_0000909,11025
video_test_0000177,3925
video_test_0000313,5730
video_test_0000017,9928
video_test_0000950,32883
video_test_0000934,1744
video_test_0001392,695
video_test_0000355,19378
video_test_0000216,1829
video_test_0000892,35998
video_test_0001555,1852
video_test_0001184,1253
video_test_0001161,2691
video_test_0000562,4317
video_test_0000331,449
video_test_0000187,1398
video_test_0000833,3494
video_test_0001540,2526
video_test_0000011,2373
video_test_0000250,6361
video_test_0000845,7131
video_test_0000211,2963
video_test_0001086,2926
video_test_0000009,3766
video_test_0000856,20394
video_test_0001111,2062
video_test_0001187,3360
video_test_0001155,4795
video_test_0001491,1180
video_test_0001090,3600
video_test_0001205,3096
video_test_0000635,946
video_test_0001273,6685
video_test_0000324,4470
video_test_0001040,5307
video_test_0000610,34699
video_test_0001085,2976
video_test_0000348,3280
video_test_0000193,3782
video_test_0000700,2921
video_test_0001344,5534
video_test_0000748,5007
video_test_0001071,2759
video_test_0001078,2924
video_test_0000676,2486
video_test_0000825,9950
video_test_0000126,2450
video_test_0000878,3168
video_test_0000587,824
video_test_0001009,4180
video_test_0000634,7563
video_test_0000352,2886
video_test_0001160,6497
video_test_0001070,17508
video_test_0001524,2636
video_test_0000156,4001
video_test_0000227,1118
video_test_0001327,2779
video_test_0000182,16734
video_test_0000898,904
video_test_0001574,4284
video_test_0001404,982
video_test_0001492,4824
video_test_0000401,5411
video_test_0001531,6513
video_test_0000851,6617
video_test_0000080,10963
video_test_0001454,48441
video_test_0001074,253
video_test_0000205,2805
video_test_0000906,3991
video_test_0001543,5198
video_test_0001534,616
video_test_0000239,6413
video_test_0000364,6387
video_test_0000116,4642
video_test_0000638,2569
video_test_0001490,1051
video_test_0001419,3760
video_test_0000742,5311
video_test_0000105,3782
video_test_0001477,4831
video_test_0000550,809
video_test_0000847,7080
video_test_0000543,5146
video_test_0001413,3548
video_test_0000075,5872
video_test_0001513,12859
video_test_0000157,2808
video_test_0001299,6547
video_test_0000346,2640
video_test_0000673,5102
video_test_0000014,1922
video_test_0000889,5316
video_test_0001002,3215
video_test_0000129,5757
video_test_0001076,1940
video_test_0000251,4564
video_test_0000196,4621
video_test_0000891,14955
video_test_0000917,6540
video_test_0000240,436
video_test_0001261,7737
video_test_0000523,9647
video_test_0000899,1716
video_test_0000242,1408
video_test_0000462,10096
video_test_0000074,3009
video_test_0000973,3135
video_test_0000531,6465
video_test_0000854,6814
video_test_0000752,1695
video_test_0001292,6975
video_test_0000930,10932
video_test_0000176,6593
video_test_0000306,1251
video_test_0000970,7001
video_test_0001441,7983
video_test_0000784,2219
video_test_0000164,6542
video_test_0001062,3602
video_test_0000130,3035
video_test_0000486,1327
video_test_0001263,3757
video_test_0000471,4009
video_test_0000775,4421
video_test_0001317,2615
video_test_0000429,4149
video_test_0001294,13461
video_test_0000530,2578
video_test_0000785,2636
video_test_0000322,7504
video_test_0000974,3675
video_test_0001203,2989
video_test_0001312,2190
video_test_0000810,3618
video_test_0001313,5218
video_test_0001209,10532
video_test_0001113,3843
video_test_0000197,4946
video_test_0001374,3915
video_test_0001136,4672
video_test_0001379,4327
video_test_0000091,12795
video_test_0000627,6639
video_test_0001094,6627
video_test_0000097,1795
video_test_0000339,2084
video_test_0000025,4871
video_test_0000683,3789
video_test_0000568,6119
video_test_0001020,351
video_test_0000044,7019
video_test_0000094,9001
video_test_0001096,2978
video_test_0000446,4620
video_test_0000062,448
video_test_0001372,2980
video_test_0001296,5967
video_test_0001254,4134
video_test_0000793,50150
video_test_0000606,3526
video_test_0000567,1514
video_test_0001115,1560
video_test_0000506,1864
video_test_0000516,4767
video_test_0000423,6278
video_test_0001482,753
video_test_0001430,2902
video_test_0001332,3930
video_test_0001015,870
video_test_0000816,3937
video_test_0000956,5600
video_test_0000382,869
video_test_0001309,2545
video_test_0001429,11572
video_test_0001016,6204
video_test_0000491,6081
video_test_0000488,519
video_test_0000373,5845
video_test_0001153,3850
video_test_0000272,10737
video_test_0000069,387
video_test_0000004,1012
video_test_0001102,2136
video_test_0001505,6223
video_test_0000283,5060
video_test_0000992,2068
video_test_0001080,2073
video_test_0001265,2362
video_test_0000984,2928
video_test_0000618,1699
video_test_0000931,4011
video_test_0000588,3602
video_test_0001303,1968
video_test_0001159,18109
video_test_0000234,9763
video_test_0000151,2923
video_test_0000653,4398
video_test_0000220,7378
video_test_0001028,5428
video_test_0000217,2820
video_test_0000721,5530
video_test_0001423,934
video_test_0000840,4671
video_test_0000452,865
video_test_0000428,8232
video_test_0000803,6450
video_test_0001501,10255
video_test_0001458,10966
video_test_0000347,1981
video_test_0000022,5564
video_test_0001248,4924
video_test_0000461,3723
video_test_0001518,2552
video_test_0000444,4711
video_test_0001124,5618
video_test_0001324,4915
video_test_0000489,3466
video_test_0000574,6331
video_test_0001104,5930
video_test_0000095,6119
video_test_0000166,5547
video_test_0000171,3587
video_test_0000806,6338
video_test_0001260,4695
video_test_0001188,2708
video_test_0000411,781
video_test_0000808,3295
video_test_0000578,13542
video_test_0000064,3835
video_test_0001298,3216
video_test_0000056,7037
video_test_0000915,670
video_test_0000819,12228
video_test_0000436,2743
video_test_0001510,6002
video_test_0000631,1374
video_test_0001130,9958
video_test_0000821,2005
video_test_0000545,2464
video_test_0000602,6234
video_test_0000557,6988
video_test_0001512,1584
video_test_0000099,3421
video_test_0000076,3397
video_test_0000381,2904
video_test_0001338,6124
video_test_0001181,3229
video_test_0001329,2166
video_test_0001511,3135
video_test_0001172,4795
video_test_0001231,979
video_test_0000601,12956
video_test_0000921,4170
video_test_0000353,2165
video_test_0000059,4782
video_test_0001045,4232
video_test_0001484,6149
video_test_0000258,1473
video_test_0001307,6138
video_test_0000772,13904
video_test_0000087,3577
video_test_0001103,4791
video_test_0000117,3790
video_test_0001262,6715
video_test_0000533,5398
video_test_0001488,3853
video_test_0000594,2915
video_test_0000403,2190
video_test_0000750,12212
video_test_0001005,4751
video_test_0000229,8098
video_test_0000188,16161
video_test_0000480,3804
video_test_0000696,2402
video_test_0000927,5128
video_test_0001349,3136
video_test_0001001,2587
video_test_0001337,4075
video_test_0001041,2371
video_test_0000241,49424
video_test_0000410,6005
video_test_0000896,6800
video_test_0000936,22159
video_test_0001274,5963
video_test_0000420,2298
video_test_0000274,1621
video_test_0001183,23665
video_test_0000341,4024
video_test_0000103,7125
video_test_0001536,4981
video_test_0001117,3043
video_test_0001415,2465
video_test_0000173,5746
video_test_0000167,5963
video_test_0001486,4068
video_test_0000993,2113
video_test_0000077,1672
video_test_0001063,5924
video_test_0001362,3544
video_test_0000317,4760
video_test_0000407,4320
video_test_0001410,5766
video_test_0000115,3710
video_test_0001417,4164
video_test_0001396,6823
video_test_0000689,3900
video_test_0000135,4126
video_test_0000547,5461
video_test_0000142,24158
video_test_0001239,6765
video_test_0001285,6854
video_test_0000440,1974
video_test_0001091,3685
video_test_0000335,2227
video_test_0001013,12147
video_test_0001283,4016
video_test_0001460,872
video_test_0000529,3581
video_test_0000409,4759
video_test_0000548,6053
video_test_0000632,6458
video_test_0000591,1003
video_test_0000726,2402
video_test_0000379,25422
video_test_0000023,1718
video_test_0000362,6991
video_test_0000526,1433
video_test_0000498,4390
video_test_0001357,2445
video_test_0000036,4359
video_test_0000687,5148
video_test_0000183,2372
video_test_0001065,2130
video_test_0001275,5815
video_test_0000908,5011
video_test_0000617,9806
video_test_0000345,21182
video_test_0000448,3013
video_test_0001328,4765
video_test_0000710,5546
video_test_0000018,1798
video_test_0000295,12959
video_test_0000144,2399
video_test_0001557,2906
video_test_0001264,3936
video_test_0000455,963
video_test_0000800,2559
video_test_0000791,4544
video_test_0000305,11728
video_test_0000263,1423
video_test_0001290,2378
video_test_0000540,6238
video_test_0000593,1681
video_test_0001128,1811
video_test_0001304,1300
video_test_0000777,2541
video_test_0000494,1418
video_test_0001216,6031
video_test_0000836,3857
video_test_0000388,6413
video_test_0000467,2806
video_test_0000021,982
video_test_0000575,1758
video_test_0001056,1754
video_test_0000817,4080
video_test_0001573,7131
video_test_0001253,3473
video_test_0000118,5613
video_test_0000033,3370
video_test_0001257,7431
video_test_0000714,5383
video_test_0000734,2456
video_test_0001282,3428
video_test_0001256,5287
video_test_0000629,4579
video_test_0000842,6676
video_test_0000961,3859
video_test_0001148,3214
video_test_0000131,3919
video_test_0001122,3272
video_test_0000316,1902
video_test_0000920,4374
video_test_0001422,4137
video_test_0001199,2157
video_test_0000153,6005
video_test_0000447,6716
video_test_0000887,11592
video_test_0000253,5475
video_test_0001225,828
video_test_0000045,7060
video_test_0000622,6160
video_test_0001052,3043
video_test_0001119,2540
video_test_0000088,626
video_test_0000071,4521
video_test_0000230,7029
video_test_0000431,4089
video_test_0000475,2194
video_test_0000977,5297
video_test_0000413,1281
video_test_0000527,902
video_test_0000976,3131
video_test_0000284,1958
video_test_0000871,2498
video_test_0000150,5908
video_test_0000933,7122
video_test_0000301,3093
video_test_0001519,2035
video_test_0000664,2579
video_test_0000524,441
video_test_0000162,18106
video_test_0000445,5429
video_test_0000168,1926
video_test_0000390,4471
video_test_0000224,2567
video_test_0000692,4137
video_test_0000357,3805
video_test_0001318,2804
video_test_0000882,7452
video_test_0000773,2131
video_test_0000788,5604
video_test_0000948,10170
video_test_0000191,4754
video_test_0001110,3459
video_test_0000872,6872
video_test_0001067,4512
video_test_0000975,438
video_test_0001502,7922
video_test_0000584,3827
video_test_0000907,6324
video_test_0000363,3705
video_test_0000712,5099
video_test_0000288,3266
video_test_0001414,4133
video_test_0000280,4284
video_test_0000900,4060
video_test_0001030,2448
video_test_0000690,9111
video_test_0001288,6374
video_test_0000249,17472
video_test_0000912,1442
video_test_0001470,4831
video_test_0000438,3829
video_test_0000728,35035
video_test_0000181,1829
video_test_0000935,1217
video_test_0001195,22488
video_test_0001553,3945
video_test_0000207,3924
video_test_0000873,1044
video_test_0001150,1188
video_test_0000981,839
video_test_0000215,5862
video_test_0000672,1228
video_test_0001521,5640
video_test_0000711,3909
video_test_0001269,813
video_test_0000297,5466
video_test_0001066,4570
video_test_0001455,9110
video_test_0001418,6441
video_test_0000903,9455
video_test_0000879,3109
video_test_0000996,3295
video_test_0000966,78527
video_test_0000138,5623
video_test_0000024,10021
video_test_0000158,3781
video_test_0001528,4089
video_test_0000266,1503
video_test_0000537,1386
video_test_0000255,2980
video_test_0000223,1556
video_test_0000139,2292
video_test_0001131,5910
video_test_0000199,3516
video_test_0001042,4702
video_test_0000154,2738
video_test_0001010,995
video_test_0000553,2133
video_test_0001325,5253
video_test_0000886,1905
video_test_0001141,370
video_test_0000563,6243
video_test_0000146,1853
video_test_0000815,13811
video_test_0001286,1538
video_test_0001475,2749
video_test_0001179,4997
video_test_0000233,2646
video_test_0000027,8244
video_test_0001550,721
video_test_0000885,2566
video_test_0000098,2008
video_test_0001447,6895
video_test_0001230,14115
video_test_0000720,2550
video_test_0000978,3448
video_test_0000809,1868
video_test_0001371,6793
video_test_0000050,3372
video_test_0000990,1437
video_test_0001507,14536
video_test_0000716,20101
video_test_0000949,16104
video_test_0000302,5534
video_test_0000528,5811
video_test_0000360,2098
video_test_0000261,2072
video_test_0001217,5816
video_test_0000125,1788
video_test_0001186,4568
video_test_0000391,6269
video_test_0000991,2468
video_test_0000706,6510
video_test_0000708,6140
video_test_0000675,3804
video_test_0000111,11101
video_test_0000678,2551
video_test_0000600,23443
video_test_0001218,5777
video_test_0000532,8718
video_test_0001390,6869
video_test_0001037,2251
video_test_0000037,3035
video_test_0001479,1311
video_test_0000754,68648
video_test_0000648,11126
video_test_0000994,2551
video_test_0001196,1455
video_test_0000198,5044
video_test_0000511,5778
video_test_0001014,30240
video_test_0000330,13670
video_test_0000007,14482
video_test_0000003,5715
video_test_0001308,418
video_test_0000763,4812
video_test_0000736,4909
video_test_0000570,3406
video_test_0000737,4430
video_test_0000304,4320
video_test_0000642,872
video_test_0000603,2065
video_test_0000792,3201
video_test_0000834,3429
video_test_0001158,1105
video_test_0000560,1502
video_test_0001092,7066
video_test_0001069,6339
video_test_0001389,4246
video_test_0000369,2398
video_test_0000864,5864
video_test_0001105,2845
video_test_0001350,5523
video_test_0001221,7535
video_test_0001060,4160
video_test_0001462,3396
video_test_0000875,13530
video_test_0001240,901
video_test_0000681,6221
video_test_0000802,13432
video_test_0001434,6747
video_test_0001057,7051
video_test_0000228,13657
video_test_0001252,1376
video_test_0001089,7381
video_test_0001083,1861
video_test_0001018,540
video_test_0000691,5310
video_test_0000128,9008
video_test_0000175,3313
video_test_0000222,20618
video_test_0000607,4310
video_test_0001562,5881
video_test_0000586,3901
video_test_0000727,4624
video_test_0000813,3559
video_test_0001464,2506
video_test_0000850,796
video_test_0000458,2978
video_test_0000520,3600
video_test_0000257,4806
video_test_0000344,4182
video_test_0001367,6388
video_test_0000522,735
video_test_0001226,5706
video_test_0000450,852
video_test_0000999,5686
video_test_0001171,2959
video_test_0000768,8015
video_test_0001100,4542
video_test_0001140,1365
video_test_0000141,3417
video_test_0001121,2230
video_test_0000109,3987
video_test_0001210,4447
video_test_0001154,931
video_test_0000998,1324
video_test_0001137,4148
video_test_0000402,3586
video_test_0000015,4851
video_test_0001247,2797
video_test_0001147,6580
video_test_0000507,1895
video_test_0000552,11275
video_test_0000904,1989
video_test_0001420,1068
video_test_0000030,4088
video_test_0001289,1046
video_test_0000918,893
video_test_0001120,12118
video_test_0000669,3636
video_test_0000439,10170
video_test_0001108,3038
video_test_0001198,1779
video_test_0001129,2030
video_test_0000035,6532
video_test_0000541,878
video_test_0000120,928
video_test_0000394,1066
video_test_0000647,11956
video_test_0000278,6455
video_test_0000225,9021
video_test_0000296,3882
video_test_0000238,3079
video_test_0000852,3016
video_test_0000960,4583
video_test_0000759,19949
video_test_0001522,1389
video_test_0000725,2017
video_test_0001446,8568
video_test_0000894,871
video_test_0001242,5271
video_test_0001164,25364
video_test_0001295,4144
video_test_0000066,196
video_test_0001402,4348
video_test_0000559,5969
video_test_0000383,7418
video_test_0000794,5162
video_test_0000538,5473
video_test_0000535,6349
video_test_0000855,3072
video_test_0000659,4202
video_test_0001072,8547
video_test_0000340,2411
video_test_0000493,271
video_test_0001004,623
video_test_0000235,11186
video_test_0001409,5178
video_test_0000707,4491
video_test_0001523,11780
video_test_0000717,2049
video_test_0001471,2658
video_test_0000212,799
video_test_0000641,2145
video_test_0001244,7023
video_test_0000482,2401
video_test_0001098,4987
video_test_0001084,3736
video_test_0001436,5163
video_test_0000555,12692
video_test_0000466,2591
video_test_0000083,5495
video_test_0000366,5179
video_test_0000449,2100
video_test_0001437,2520
video_test_0000905,2189
video_test_0001365,46290
video_test_0001351,6050
video_test_0000496,526
video_test_0001560,5521
video_test_0001526,4383
video_test_0001095,6126
video_test_0000645,6233
video_test_0000609,4180
video_test_0000329,5791
video_test_0001236,3826
video_test_0000513,4923
video_test_0001566,1578
video_test_0000085,6621
video_test_0000123,6512
video_test_0001227,7052
video_test_0001472,7189
video_test_0000867,2446
video_test_0000441,3302
video_test_0000715,5151
video_test_0000604,2191
video_test_0000694,2698
video_test_0001138,3511
video_test_0000287,1923
video_test_0001025,416
video_test_0001368,4967
video_test_0000483,3908
video_test_0001190,3139
video_test_0000861,3660
video_test_0001424,6077
video_test_0001399,10747
video_test_0000731,2737
video_test_0001036,2097
video_test_0000590,3203
video_test_0000481,16896
video_test_0001058,24147
video_test_0000801,6202
video_test_0000831,4630
video_test_0000309,4724
video_test_0000902,4199
video_test_0001487,2255
video_test_0000093,3083
video_test_0000303,4564
video_test_0000969,3508
video_test_0000210,5557
video_test_0000016,1265
video_test_0000425,6974
video_test_0000096,8130
video_test_0000334,3238
video_test_0000571,2913
video_test_0001278,5186
video_test_0001075,6338
video_test_0000361,4273
video_test_0000416,2165
video_test_0001029,3892
video_test_0001246,1865
video_test_0000724,4350
video_test_0001224,7594
video_test_0001305,6463
video_test_0000853,3705
video_test_0001347,6734
video_test_0000832,3860
video_test_0000260,6300
video_test_0001469,3886
video_test_0000517,4434
video_test_0001034,2558
video_test_0000605,1640
video_test_0001532,7164
video_test_0000786,2941
video_test_0000561,2909
video_test_0000869,6732
video_test_0000408,13602
video_test_0001342,1351
video_test_0000311,5681
video_test_0000919,555
video_test_0001388,3514
video_test_0001442,6994
video_test_0000539,4308
video_test_0000505,7145
video_test_0000310,2303
video_test_0001433,588
video_test_0000267,5673
video_test_0001219,4598
video_test_0001234,1112
video_test_0000127,2464
video_test_0000485,1739
video_test_0000820,4759
video_test_0000988,4611
video_test_0001268,2840
video_test_0000797,3405
video_test_0001358,6584
video_test_0000013,4787
video_test_0000500,4261
video_test_0001380,5320
video_test_0000572,7095
video_test_0000232,1256
video_test_0000356,5415
video_test_0000367,6672
video_test_0001300,2138
video_test_0001200,3065
video_test_0000398,1663
video_test_0000289,4368
video_test_0000185,1232
video_test_0000389,3819
video_test_0000680,5227
video_test_0001381,2538
video_test_0001007,2719
video_test_0001088,4080
video_test_0000677,4717
video_test_0001165,6465
video_test_0000419,6702
video_test_0001149,4251
video_test_0000299,5948
video_test_0000582,7099
video_test_0000615,6197
video_test_0001385,3228
video_test_0000827,5270
video_test_0000332,1867
video_test_0001245,1989
video_test_0000060,2944
video_test_0001038,3634
video_test_0000245,9937
video_test_0000857,5573
video_test_0000650,5273
video_test_0000218,1735
video_test_0001026,3813
video_test_0000006,2010
video_test_0001564,2271
video_test_0000703,3630
video_test_0000061,3712
video_test_0001315,841
video_test_0000620,2000
video_test_0000722,858
video_test_0001461,14325
video_test_0000464,21302
video_test_0000019,3604
video_test_0000796,3819
video_test_0001166,3612
video_test_0001408,747
video_test_0001549,3447
video_test_0000078,4189
video_test_0001538,3443
video_test_0001046,10881
video_test_0000375,6367
video_test_0000270,5284
video_test_0000473,1889
video_test_0000670,16070
video_test_0000082,3952
video_test_0001050,2520
video_test_0000291,334
video_test_0000184,6948
video_test_0001401,7109
video_test_0000469,2373
video_test_0000848,4501
video_test_0000922,945
video_test_0000805,2223
video_test_0001051,3466
video_test_0000201,7002
video_test_0001053,2373
video_test_0000102,3842
video_test_0000028,4376
video_test_0000178,4037
video_test_0001135,1429
video_test_0000221,8252
video_test_0000275,1620
video_test_0001398,5392
video_test_0001207,26487
video_test_0001151,1802
video_test_0001474,5189
video_test_0001000,2640
video_test_0000835,807
video_test_0000755,2589
video_test_0001079,14724
video_test_0001373,3150
video_test_0001331,7782
video_test_0001316,4200
video_test_0000342,4085
video_test_0000733,4041
video_test_0000281,1816
video_test_0000070,11013
video_test_0000911,10100
video_test_0001064,8273
video_test_0000997,1778
video_test_0000895,4227
video_test_0000719,3699
video_test_0001201,12388
video_test_0001333,1435
video_test_0001206,3190
video_test_0000072,12445
video_test_0001107,5453
video_test_0000161,9660
video_test_0000943,5790
video_test_0000387,2230
video_test_0000104,7036
video_test_0000967,5071
video_test_0000465,2179
video_test_0000432,3190
video_test_0000209,10667
video_test_0000038,14195
video_test_0001223,3481
video_test_0001468,5537
video_test_0001185,5777
video_test_0000877,2404
video_test_0001139,2920
video_test_0001021,116859
video_test_0000190,1772
video_test_0000180,5628
video_test_0000583,7121
video_test_0000542,8159
video_test_0000108,14415
video_test_0001012,5963
video_test_0001416,3174
video_test_0000435,1635
video_test_0000277,6710
video_test_0000343,2328
video_test_0000787,4774
video_test_0000114,35195
video_test_0000415,1801
video_test_0000327,9689
video_test_0000751,4660
video_test_0000739,6293
video_test_0000214,2742
video_test_0000163,730
video_test_0000032,1102
video_test_0001345,3658
video_test_0000753,876
video_test_0000771,6695
video_test_0001473,4032
video_test_0001395,2157
video_test_0000549,2148
video_test_0000701,1938
video_test_0000614,1050
video_test_0001114,1454
video_test_0001167,3111
video_test_0001173,2731
video_test_0001440,2536
video_test_0001370,3786
video_test_0001354,2048
video_test_0000459,3413
video_test_0000092,2397
video_test_0000124,2006
